Model,Dataset,Tp,Fp,Tn,Fn,Accuracy,Precision,Recall,Specificity,F1,Tss
FCNN,MFR,2765.73333 ,614.63333 ,2511.36667 ,293.26667 ,0.85321 ,0.81825 ,0.90413 ,0.80338 ,0.85901 ,0.70751 
FCNN,SHARP,2795.23333 ,602.83333 ,2523.16667 ,263.76667 ,0.85989 ,0.82268 ,0.91377 ,0.80716 ,0.86580 ,0.72093 
RF,MFR,2765.16667 ,568.15000 ,2557.85000 ,293.83333 ,0.86063 ,0.82984 ,0.90394 ,0.81825 ,0.86521 ,0.72219 
RF,SHARP,2775.96667 ,543.95000 ,2582.05000 ,283.03333 ,0.86629 ,0.83688 ,0.90748 ,0.82599 ,0.87046 ,0.73347 
SVM,MFR,2605.25000 ,746.25000 ,2379.75000 ,453.75000 ,0.80598 ,0.77625 ,0.85167 ,0.76128 ,0.81165 ,0.61294 
SVM,SHARP,2646.00000 ,745.00000 ,2381.00000 ,413.00000 ,0.81277 ,0.78042 ,0.86499 ,0.76168 ,0.81991 ,0.62666 
